{
  "HTTP Request-3" : {
    "transaction" : "HTTP Request-3",
    "sampleCount" : 300,
    "errorCount" : 78,
    "errorPct" : 26.0,
    "meanResTime" : 1773.7666666666678,
    "minResTime" : 603.0,
    "maxResTime" : 2299.0,
    "pct1ResTime" : 1957.9,
    "pct2ResTime" : 2016.85,
    "pct3ResTime" : 2128.98,
    "throughput" : 0.03536580621660142,
    "receivedKBytesPerSec" : 0.040397374987769324,
    "sentKBytesPerSec" : 0.028492959110054852
  },
  "HTTP Request-16" : {
    "transaction" : "HTTP Request-16",
    "sampleCount" : 300,
    "errorCount" : 100,
    "errorPct" : 33.333332,
    "meanResTime" : 1769.2666666666667,
    "minResTime" : 843.0,
    "maxResTime" : 2142.0,
    "pct1ResTime" : 1961.1000000000004,
    "pct2ResTime" : 2036.85,
    "pct3ResTime" : 2110.6800000000003,
    "throughput" : 0.035360270473066197,
    "receivedKBytesPerSec" : 0.035625012081425746,
    "sentKBytesPerSec" : 0.028557562188697018
  },
  "HTTP Request-2" : {
    "transaction" : "HTTP Request-2",
    "sampleCount" : 300,
    "errorCount" : 29,
    "errorPct" : 9.666667,
    "meanResTime" : 1785.6700000000012,
    "minResTime" : 1211.0,
    "maxResTime" : 2375.0,
    "pct1ResTime" : 1969.4,
    "pct2ResTime" : 2027.6,
    "pct3ResTime" : 2151.7200000000003,
    "throughput" : 0.03536577703268635,
    "receivedKBytesPerSec" : 0.04131855567463344,
    "sentKBytesPerSec" : 0.028492935597623278
  },
  "HTTP Request-15" : {
    "transaction" : "HTTP Request-15",
    "sampleCount" : 300,
    "errorCount" : 100,
    "errorPct" : 33.333332,
    "meanResTime" : 1768.26,
    "minResTime" : 886.0,
    "maxResTime" : 2326.0,
    "pct1ResTime" : 1960.9,
    "pct2ResTime" : 2011.8,
    "pct3ResTime" : 2124.5700000000006,
    "throughput" : 0.03536090399443843,
    "receivedKBytesPerSec" : 0.03591295769091411,
    "sentKBytesPerSec" : 0.028558073831445888
  },
  "HTTP Request-5" : {
    "transaction" : "HTTP Request-5",
    "sampleCount" : 300,
    "errorCount" : 100,
    "errorPct" : 33.333332,
    "meanResTime" : 1774.0766666666661,
    "minResTime" : 542.0,
    "maxResTime" : 2238.0,
    "pct1ResTime" : 1958.0,
    "pct2ResTime" : 1994.6,
    "pct3ResTime" : 2095.92,
    "throughput" : 0.035364301223215815,
    "receivedKBytesPerSec" : 0.04086407170153332,
    "sentKBytesPerSec" : 0.02852628204138307
  },
  "HTTP Request-14" : {
    "transaction" : "HTTP Request-14",
    "sampleCount" : 300,
    "errorCount" : 100,
    "errorPct" : 33.333332,
    "meanResTime" : 1766.9300000000003,
    "minResTime" : 1016.0,
    "maxResTime" : 2223.0,
    "pct1ResTime" : 1967.7,
    "pct2ResTime" : 2027.3999999999999,
    "pct3ResTime" : 2133.96,
    "throughput" : 0.03536007041840157,
    "receivedKBytesPerSec" : 0.036325105673570446,
    "sentKBytesPerSec" : 0.028557400621111423
  },
  "HTTP Request-4" : {
    "transaction" : "HTTP Request-4",
    "sampleCount" : 300,
    "errorCount" : 100,
    "errorPct" : 33.333332,
    "meanResTime" : 1765.4099999999994,
    "minResTime" : 1116.0,
    "maxResTime" : 2254.0,
    "pct1ResTime" : 1983.3000000000002,
    "pct2ResTime" : 2016.6499999999999,
    "pct3ResTime" : 2090.88,
    "throughput" : 0.03536514750567257,
    "receivedKBytesPerSec" : 0.03986741167819649,
    "sentKBytesPerSec" : 0.02851556771582878
  },
  "HTTP Request-13" : {
    "transaction" : "HTTP Request-13",
    "sampleCount" : 300,
    "errorCount" : 100,
    "errorPct" : 33.333332,
    "meanResTime" : 1771.6266666666677,
    "minResTime" : 1092.0,
    "maxResTime" : 2253.0,
    "pct1ResTime" : 1960.7,
    "pct2ResTime" : 2028.0,
    "pct3ResTime" : 2187.1100000000006,
    "throughput" : 0.035360628910001544,
    "receivedKBytesPerSec" : 0.03666501252591344,
    "sentKBytesPerSec" : 0.028557851668526632
  },
  "HTTP Request-1" : {
    "transaction" : "HTTP Request-1",
    "sampleCount" : 300,
    "errorCount" : 41,
    "errorPct" : 13.666667,
    "meanResTime" : 1790.2766666666666,
    "minResTime" : 544.0,
    "maxResTime" : 5442.0,
    "pct1ResTime" : 1957.7,
    "pct2ResTime" : 2025.6999999999998,
    "pct3ResTime" : 2184.9300000000003,
    "throughput" : 0.0353515660213474,
    "receivedKBytesPerSec" : 0.042488393565331524,
    "sentKBytesPerSec" : 0.028469058011566326
  },
  "HTTP Request-12" : {
    "transaction" : "HTTP Request-12",
    "sampleCount" : 300,
    "errorCount" : 100,
    "errorPct" : 33.333332,
    "meanResTime" : 1787.866666666667,
    "minResTime" : 1278.0,
    "maxResTime" : 2340.0,
    "pct1ResTime" : 1977.8000000000002,
    "pct2ResTime" : 2018.9,
    "pct3ResTime" : 2233.900000000001,
    "throughput" : 0.035361675087263775,
    "receivedKBytesPerSec" : 0.03703836180380376,
    "sentKBytesPerSec" : 0.028558696579264783
  },
  "HTTP Request-11" : {
    "transaction" : "HTTP Request-11",
    "sampleCount" : 300,
    "errorCount" : 100,
    "errorPct" : 33.333332,
    "meanResTime" : 1764.4966666666662,
    "minResTime" : 776.0,
    "maxResTime" : 2163.0,
    "pct1ResTime" : 1958.9,
    "pct2ResTime" : 1996.6499999999999,
    "pct3ResTime" : 2124.95,
    "throughput" : 0.03536236701539855,
    "receivedKBytesPerSec" : 0.03755317615939941,
    "sentKBytesPerSec" : 0.028559255392318943
  },
  "HTTP Request-10" : {
    "transaction" : "HTTP Request-10",
    "sampleCount" : 300,
    "errorCount" : 100,
    "errorPct" : 33.333332,
    "meanResTime" : 1769.9966666666662,
    "minResTime" : 1038.0,
    "maxResTime" : 2125.0,
    "pct1ResTime" : 1968.8000000000002,
    "pct2ResTime" : 2008.55,
    "pct3ResTime" : 2084.92,
    "throughput" : 0.035362104412978455,
    "receivedKBytesPerSec" : 0.037517443094712215,
    "sentKBytesPerSec" : 0.028559043310091004
  },
  "Total" : {
    "transaction" : "Total",
    "sampleCount" : 4801,
    "errorCount" : 1449,
    "errorPct" : 30.181211,
    "meanResTime" : 1775.192043324305,
    "minResTime" : 542.0,
    "maxResTime" : 11477.0,
    "pct1ResTime" : 1963.0,
    "pct2ResTime" : 2014.8999999999996,
    "pct3ResTime" : 2125.9799999999996,
    "throughput" : 0.5638790651470003,
    "receivedKBytesPerSec" : 0.6155278505871989,
    "sentKBytesPerSec" : 0.4549628032215336
  },
  "HTTP Request-7" : {
    "transaction" : "HTTP Request-7",
    "sampleCount" : 300,
    "errorCount" : 100,
    "errorPct" : 33.333332,
    "meanResTime" : 1783.9100000000014,
    "minResTime" : 956.0,
    "maxResTime" : 2407.0,
    "pct1ResTime" : 1959.0,
    "pct2ResTime" : 2044.4499999999998,
    "pct3ResTime" : 2178.83,
    "throughput" : 0.035364301223215815,
    "receivedKBytesPerSec" : 0.03878469223214872,
    "sentKBytesPerSec" : 0.02852628204138307
  },
  "HTTP Request" : {
    "transaction" : "HTTP Request",
    "sampleCount" : 1,
    "errorCount" : 1,
    "errorPct" : 100.0,
    "meanResTime" : 11477.0,
    "minResTime" : 11477.0,
    "maxResTime" : 11477.0,
    "pct1ResTime" : 11477.0,
    "pct2ResTime" : 11477.0,
    "pct3ResTime" : 11477.0,
    "throughput" : 0.08713078330574191,
    "receivedKBytesPerSec" : 0.03948113618541431,
    "sentKBytesPerSec" : 0.07113411605820336
  },
  "HTTP Request-6" : {
    "transaction" : "HTTP Request-6",
    "sampleCount" : 300,
    "errorCount" : 100,
    "errorPct" : 33.333332,
    "meanResTime" : 1758.4833333333324,
    "minResTime" : 911.0,
    "maxResTime" : 2241.0,
    "pct1ResTime" : 1962.8000000000002,
    "pct2ResTime" : 2007.6999999999998,
    "pct3ResTime" : 2135.0,
    "throughput" : 0.0353637134350991,
    "receivedKBytesPerSec" : 0.04096987503760341,
    "sentKBytesPerSec" : 0.02852580790760923
  },
  "HTTP Request-9" : {
    "transaction" : "HTTP Request-9",
    "sampleCount" : 300,
    "errorCount" : 100,
    "errorPct" : 33.333332,
    "meanResTime" : 1760.1000000000004,
    "minResTime" : 942.0,
    "maxResTime" : 2125.0,
    "pct1ResTime" : 1957.9,
    "pct2ResTime" : 1998.0,
    "pct3ResTime" : 2095.6800000000003,
    "throughput" : 0.03536298810648408,
    "receivedKBytesPerSec" : 0.03803247929850676,
    "sentKBytesPerSec" : 0.02852522282808189
  },